[
  {
    "id_country": "1",
    "id_lang": "2",
    "name": "Germany"
  },
  {
    "id_country": "2",
    "id_lang": "2",
    "name": "Austria"
  },
  {
    "id_country": "3",
    "id_lang": "2",
    "name": "Belgium"
  },
  {
    "id_country": "4",
    "id_lang": "2",
    "name": "Canada"
  },
  {
    "id_country": "5",
    "id_lang": "2",
    "name": "China"
  },
  {
    "id_country": "6",
    "id_lang": "2",
    "name": "Spain"
  },
  {
    "id_country": "7",
    "id_lang": "2",
    "name": "Finland"
  },
  {
    "id_country": "8",
    "id_lang": "2",
    "name": "France"
  },
  {
    "id_country": "9",
    "id_lang": "2",
    "name": "Greece"
  },
  {
    "id_country": "10",
    "id_lang": "2",
    "name": "Italy"
  },
  {
    "id_country": "11",
    "id_lang": "2",
    "name": "Japan"
  },
  {
    "id_country": "12",
    "id_lang": "2",
    "name": "Luxembourg"
  },
  {
    "id_country": "13",
    "id_lang": "2",
    "name": "Netherlands (the)"
  },
  {
    "id_country": "14",
    "id_lang": "2",
    "name": "Poland"
  },
  {
    "id_country": "15",
    "id_lang": "2",
    "name": "Portugal"
  },
  {
    "id_country": "16",
    "id_lang": "2",
    "name": "Czechia"
  },
  {
    "id_country": "17",
    "id_lang": "2",
    "name": "United Kingdom of Great Britain and Northern Ireland (the)"
  },
  {
    "id_country": "18",
    "id_lang": "2",
    "name": "Sweden"
  },
  {
    "id_country": "19",
    "id_lang": "2",
    "name": "Switzerland"
  },
  {
    "id_country": "20",
    "id_lang": "2",
    "name": "Denmark"
  },
  {
    "id_country": "21",
    "id_lang": "2",
    "name": "United States of America (the)"
  },
  {
    "id_country": "22",
    "id_lang": "2",
    "name": "Hong Kong"
  },
  {
    "id_country": "23",
    "id_lang": "2",
    "name": "Norway"
  },
  {
    "id_country": "24",
    "id_lang": "2",
    "name": "Australia"
  },
  {
    "id_country": "25",
    "id_lang": "2",
    "name": "Singapore"
  },
  {
    "id_country": "26",
    "id_lang": "2",
    "name": "Ireland"
  },
  {
    "id_country": "27",
    "id_lang": "2",
    "name": "New Zealand"
  },
  {
    "id_country": "28",
    "id_lang": "2",
    "name": "Korea (the Republic of)"
  },
  {
    "id_country": "29",
    "id_lang": "2",
    "name": "Israel"
  },
  {
    "id_country": "30",
    "id_lang": "2",
    "name": "South Africa"
  },
  {
    "id_country": "31",
    "id_lang": "2",
    "name": "Nigeria"
  },
  {
    "id_country": "32",
    "id_lang": "2",
    "name": "Côte d'Ivoire"
  },
  {
    "id_country": "33",
    "id_lang": "2",
    "name": "Togo"
  },
  {
    "id_country": "34",
    "id_lang": "2",
    "name": "Bolivia (Plurinational State of)"
  },
  {
    "id_country": "35",
    "id_lang": "2",
    "name": "Mauritius"
  },
  {
    "id_country": "36",
    "id_lang": "2",
    "name": "Romania"
  },
  {
    "id_country": "37",
    "id_lang": "2",
    "name": "Slovakia"
  },
  {
    "id_country": "38",
    "id_lang": "2",
    "name": "Algeria"
  },
  {
    "id_country": "39",
    "id_lang": "2",
    "name": "American Samoa"
  },
  {
    "id_country": "40",
    "id_lang": "2",
    "name": "Andorra"
  },
  {
    "id_country": "41",
    "id_lang": "2",
    "name": "Angola"
  },
  {
    "id_country": "42",
    "id_lang": "2",
    "name": "Anguilla"
  },
  {
    "id_country": "43",
    "id_lang": "2",
    "name": "Antigua and Barbuda"
  },
  {
    "id_country": "44",
    "id_lang": "2",
    "name": "Argentina"
  },
  {
    "id_country": "45",
    "id_lang": "2",
    "name": "Armenia"
  },
  {
    "id_country": "46",
    "id_lang": "2",
    "name": "Aruba"
  },
  {
    "id_country": "47",
    "id_lang": "2",
    "name": "Azerbaijan"
  },
  {
    "id_country": "48",
    "id_lang": "2",
    "name": "Bahamas (the)"
  },
  {
    "id_country": "49",
    "id_lang": "2",
    "name": "Bahrain"
  },
  {
    "id_country": "50",
    "id_lang": "2",
    "name": "Bangladesh"
  },
  {
    "id_country": "51",
    "id_lang": "2",
    "name": "Barbados"
  },
  {
    "id_country": "52",
    "id_lang": "2",
    "name": "Belarus"
  },
  {
    "id_country": "53",
    "id_lang": "2",
    "name": "Belize"
  },
  {
    "id_country": "54",
    "id_lang": "2",
    "name": "Benin"
  },
  {
    "id_country": "55",
    "id_lang": "2",
    "name": "Bermuda"
  },
  {
    "id_country": "56",
    "id_lang": "2",
    "name": "Bhutan"
  },
  {
    "id_country": "57",
    "id_lang": "2",
    "name": "Botswana"
  },
  {
    "id_country": "58",
    "id_lang": "2",
    "name": "Brazil"
  },
  {
    "id_country": "59",
    "id_lang": "2",
    "name": "Brunei Darussalam"
  },
  {
    "id_country": "60",
    "id_lang": "2",
    "name": "Burkina Faso"
  },
  {
    "id_country": "61",
    "id_lang": "2",
    "name": "Myanmar"
  },
  {
    "id_country": "62",
    "id_lang": "2",
    "name": "Burundi"
  },
  {
    "id_country": "63",
    "id_lang": "2",
    "name": "Cambodia"
  },
  {
    "id_country": "64",
    "id_lang": "2",
    "name": "Cameroon"
  },
  {
    "id_country": "65",
    "id_lang": "2",
    "name": "Cabo Verde"
  },
  {
    "id_country": "66",
    "id_lang": "2",
    "name": "Central African Republic (the)"
  },
  {
    "id_country": "67",
    "id_lang": "2",
    "name": "Chad"
  },
  {
    "id_country": "68",
    "id_lang": "2",
    "name": "Chile"
  },
  {
    "id_country": "69",
    "id_lang": "2",
    "name": "Colombia"
  },
  {
    "id_country": "70",
    "id_lang": "2",
    "name": "Comoros (the)"
  },
  {
    "id_country": "71",
    "id_lang": "2",
    "name": "Congo (the Democratic Republic of the)"
  },
  {
    "id_country": "72",
    "id_lang": "2",
    "name": "Congo (the)"
  },
  {
    "id_country": "73",
    "id_lang": "2",
    "name": "Costa Rica"
  },
  {
    "id_country": "74",
    "id_lang": "2",
    "name": "Croatia"
  },
  {
    "id_country": "75",
    "id_lang": "2",
    "name": "Cuba"
  },
  {
    "id_country": "76",
    "id_lang": "2",
    "name": "Cyprus"
  },
  {
    "id_country": "77",
    "id_lang": "2",
    "name": "Djibouti"
  },
  {
    "id_country": "78",
    "id_lang": "2",
    "name": "Dominica"
  },
  {
    "id_country": "79",
    "id_lang": "2",
    "name": "Dominican Republic (the)"
  },
  {
    "id_country": "80",
    "id_lang": "2",
    "name": "Timor-Leste"
  },
  {
    "id_country": "81",
    "id_lang": "2",
    "name": "Ecuador"
  },
  {
    "id_country": "82",
    "id_lang": "2",
    "name": "Egypt"
  },
  {
    "id_country": "83",
    "id_lang": "2",
    "name": "El Salvador"
  },
  {
    "id_country": "84",
    "id_lang": "2",
    "name": "Equatorial Guinea"
  },
  {
    "id_country": "85",
    "id_lang": "2",
    "name": "Eritrea"
  },
  {
    "id_country": "86",
    "id_lang": "2",
    "name": "Estonia"
  },
  {
    "id_country": "87",
    "id_lang": "2",
    "name": "Ethiopia"
  },
  {
    "id_country": "88",
    "id_lang": "2",
    "name": "Falkland Islands (the) [Malvinas]"
  },
  {
    "id_country": "89",
    "id_lang": "2",
    "name": "Faroe Islands (the)"
  },
  {
    "id_country": "90",
    "id_lang": "2",
    "name": "Fiji"
  },
  {
    "id_country": "91",
    "id_lang": "2",
    "name": "Gabon"
  },
  {
    "id_country": "92",
    "id_lang": "2",
    "name": "Gambia (the)"
  },
  {
    "id_country": "93",
    "id_lang": "2",
    "name": "Georgia"
  },
  {
    "id_country": "94",
    "id_lang": "2",
    "name": "Ghana"
  },
  {
    "id_country": "95",
    "id_lang": "2",
    "name": "Grenada"
  },
  {
    "id_country": "96",
    "id_lang": "2",
    "name": "Greenland"
  },
  {
    "id_country": "97",
    "id_lang": "2",
    "name": "Gibraltar"
  },
  {
    "id_country": "98",
    "id_lang": "2",
    "name": "Guadeloupe"
  },
  {
    "id_country": "99",
    "id_lang": "2",
    "name": "Guam"
  },
  {
    "id_country": "100",
    "id_lang": "2",
    "name": "Guatemala"
  },
  {
    "id_country": "101",
    "id_lang": "2",
    "name": "Guernsey"
  },
  {
    "id_country": "102",
    "id_lang": "2",
    "name": "Guinea"
  },
  {
    "id_country": "103",
    "id_lang": "2",
    "name": "Guinea-Bissau"
  },
  {
    "id_country": "104",
    "id_lang": "2",
    "name": "Guyana"
  },
  {
    "id_country": "105",
    "id_lang": "2",
    "name": "Haiti"
  },
  {
    "id_country": "106",
    "id_lang": "2",
    "name": "Heard Island and McDonald Islands"
  },
  {
    "id_country": "107",
    "id_lang": "2",
    "name": "Holy See (the)"
  },
  {
    "id_country": "108",
    "id_lang": "2",
    "name": "Honduras"
  },
  {
    "id_country": "109",
    "id_lang": "2",
    "name": "Iceland"
  },
  {
    "id_country": "110",
    "id_lang": "2",
    "name": "India"
  },
  {
    "id_country": "111",
    "id_lang": "2",
    "name": "Indonesia"
  },
  {
    "id_country": "112",
    "id_lang": "2",
    "name": "Iran (Islamic Republic of)"
  },
  {
    "id_country": "113",
    "id_lang": "2",
    "name": "Iraq"
  },
  {
    "id_country": "114",
    "id_lang": "2",
    "name": "Isle of Man"
  },
  {
    "id_country": "115",
    "id_lang": "2",
    "name": "Jamaica"
  },
  {
    "id_country": "116",
    "id_lang": "2",
    "name": "Jersey"
  },
  {
    "id_country": "117",
    "id_lang": "2",
    "name": "Jordan"
  },
  {
    "id_country": "118",
    "id_lang": "2",
    "name": "Kazakhstan"
  },
  {
    "id_country": "119",
    "id_lang": "2",
    "name": "Kenya"
  },
  {
    "id_country": "120",
    "id_lang": "2",
    "name": "Kiribati"
  },
  {
    "id_country": "121",
    "id_lang": "2",
    "name": "Korea (the Democratic People's Republic of)"
  },
  {
    "id_country": "122",
    "id_lang": "2",
    "name": "Kuwait"
  },
  {
    "id_country": "123",
    "id_lang": "2",
    "name": "Kyrgyzstan"
  },
  {
    "id_country": "124",
    "id_lang": "2",
    "name": "Lao People's Democratic Republic (the)"
  },
  {
    "id_country": "125",
    "id_lang": "2",
    "name": "Latvia"
  },
  {
    "id_country": "126",
    "id_lang": "2",
    "name": "Lebanon"
  },
  {
    "id_country": "127",
    "id_lang": "2",
    "name": "Lesotho"
  },
  {
    "id_country": "128",
    "id_lang": "2",
    "name": "Liberia"
  },
  {
    "id_country": "129",
    "id_lang": "2",
    "name": "Libya"
  },
  {
    "id_country": "130",
    "id_lang": "2",
    "name": "Liechtenstein"
  },
  {
    "id_country": "131",
    "id_lang": "2",
    "name": "Lithuania"
  },
  {
    "id_country": "132",
    "id_lang": "2",
    "name": "Macao"
  },
  {
    "id_country": "133",
    "id_lang": "2",
    "name": "Republic of North Macedonia"
  },
  {
    "id_country": "134",
    "id_lang": "2",
    "name": "Madagascar"
  },
  {
    "id_country": "135",
    "id_lang": "2",
    "name": "Malawi"
  },
  {
    "id_country": "136",
    "id_lang": "2",
    "name": "Malaysia"
  },
  {
    "id_country": "137",
    "id_lang": "2",
    "name": "Maldives"
  },
  {
    "id_country": "138",
    "id_lang": "2",
    "name": "Mali"
  },
  {
    "id_country": "139",
    "id_lang": "2",
    "name": "Malta"
  },
  {
    "id_country": "140",
    "id_lang": "2",
    "name": "Marshall Islands (the)"
  },
  {
    "id_country": "141",
    "id_lang": "2",
    "name": "Martinique"
  },
  {
    "id_country": "142",
    "id_lang": "2",
    "name": "Mauritania"
  },
  {
    "id_country": "143",
    "id_lang": "2",
    "name": "Hungary"
  },
  {
    "id_country": "144",
    "id_lang": "2",
    "name": "Mayotte"
  },
  {
    "id_country": "145",
    "id_lang": "2",
    "name": "Mexico"
  },
  {
    "id_country": "146",
    "id_lang": "2",
    "name": "Micronesia (Federated States of)"
  },
  {
    "id_country": "147",
    "id_lang": "2",
    "name": "Moldova (the Republic of)"
  },
  {
    "id_country": "148",
    "id_lang": "2",
    "name": "Monaco"
  },
  {
    "id_country": "149",
    "id_lang": "2",
    "name": "Mongolia"
  },
  {
    "id_country": "150",
    "id_lang": "2",
    "name": "Montenegro"
  },
  {
    "id_country": "151",
    "id_lang": "2",
    "name": "Montserrat"
  },
  {
    "id_country": "152",
    "id_lang": "2",
    "name": "Morocco"
  },
  {
    "id_country": "153",
    "id_lang": "2",
    "name": "Mozambique"
  },
  {
    "id_country": "154",
    "id_lang": "2",
    "name": "Namibia"
  },
  {
    "id_country": "155",
    "id_lang": "2",
    "name": "Nauru"
  },
  {
    "id_country": "156",
    "id_lang": "2",
    "name": "Nepal"
  },
  {
    "id_country": "157",
    "id_lang": "2",
    "name": "Netherlands Antilles"
  },
  {
    "id_country": "158",
    "id_lang": "2",
    "name": "New Caledonia"
  },
  {
    "id_country": "159",
    "id_lang": "2",
    "name": "Nicaragua"
  },
  {
    "id_country": "160",
    "id_lang": "2",
    "name": "Niger (the)"
  },
  {
    "id_country": "161",
    "id_lang": "2",
    "name": "Niue"
  },
  {
    "id_country": "162",
    "id_lang": "2",
    "name": "Norfolk Island"
  },
  {
    "id_country": "163",
    "id_lang": "2",
    "name": "Northern Mariana Islands (the)"
  },
  {
    "id_country": "164",
    "id_lang": "2",
    "name": "Oman"
  },
  {
    "id_country": "165",
    "id_lang": "2",
    "name": "Pakistan"
  },
  {
    "id_country": "166",
    "id_lang": "2",
    "name": "Palau"
  },
  {
    "id_country": "167",
    "id_lang": "2",
    "name": "Palestine, State of"
  },
  {
    "id_country": "168",
    "id_lang": "2",
    "name": "Panama"
  },
  {
    "id_country": "169",
    "id_lang": "2",
    "name": "Papua New Guinea"
  },
  {
    "id_country": "170",
    "id_lang": "2",
    "name": "Paraguay"
  },
  {
    "id_country": "171",
    "id_lang": "2",
    "name": "Peru"
  },
  {
    "id_country": "172",
    "id_lang": "2",
    "name": "Philippines (the)"
  },
  {
    "id_country": "173",
    "id_lang": "2",
    "name": "Pitcairn"
  },
  {
    "id_country": "174",
    "id_lang": "2",
    "name": "Puerto Rico"
  },
  {
    "id_country": "175",
    "id_lang": "2",
    "name": "Qatar"
  },
  {
    "id_country": "176",
    "id_lang": "2",
    "name": "Réunion"
  },
  {
    "id_country": "177",
    "id_lang": "2",
    "name": "Russian Federation (the)"
  },
  {
    "id_country": "178",
    "id_lang": "2",
    "name": "Rwanda"
  },
  {
    "id_country": "179",
    "id_lang": "2",
    "name": "Saint Barthélemy"
  },
  {
    "id_country": "180",
    "id_lang": "2",
    "name": "Saint Kitts and Nevis"
  },
  {
    "id_country": "181",
    "id_lang": "2",
    "name": "Saint Lucia"
  },
  {
    "id_country": "182",
    "id_lang": "2",
    "name": "Saint Martin (French part)"
  },
  {
    "id_country": "183",
    "id_lang": "2",
    "name": "Saint Pierre and Miquelon"
  },
  {
    "id_country": "184",
    "id_lang": "2",
    "name": "Saint Vincent and the Grenadines"
  },
  {
    "id_country": "185",
    "id_lang": "2",
    "name": "Samoa"
  },
  {
    "id_country": "186",
    "id_lang": "2",
    "name": "San Marino"
  },
  {
    "id_country": "187",
    "id_lang": "2",
    "name": "Sao Tome and Principe"
  },
  {
    "id_country": "188",
    "id_lang": "2",
    "name": "Saudi Arabia"
  },
  {
    "id_country": "189",
    "id_lang": "2",
    "name": "Senegal"
  },
  {
    "id_country": "190",
    "id_lang": "2",
    "name": "Serbia"
  },
  {
    "id_country": "191",
    "id_lang": "2",
    "name": "Seychelles"
  },
  {
    "id_country": "192",
    "id_lang": "2",
    "name": "Sierra Leone"
  },
  {
    "id_country": "193",
    "id_lang": "2",
    "name": "Slovenia"
  },
  {
    "id_country": "194",
    "id_lang": "2",
    "name": "Solomon Islands"
  },
  {
    "id_country": "195",
    "id_lang": "2",
    "name": "Somalia"
  },
  {
    "id_country": "196",
    "id_lang": "2",
    "name": "South Georgia and the South Sandwich Islands"
  },
  {
    "id_country": "197",
    "id_lang": "2",
    "name": "Sri Lanka"
  },
  {
    "id_country": "198",
    "id_lang": "2",
    "name": "Sudan (the)"
  },
  {
    "id_country": "199",
    "id_lang": "2",
    "name": "Suriname"
  },
  {
    "id_country": "200",
    "id_lang": "2",
    "name": "Svalbard and Jan Mayen"
  },
  {
    "id_country": "201",
    "id_lang": "2",
    "name": "Eswatini"
  },
  {
    "id_country": "202",
    "id_lang": "2",
    "name": "Syrian Arab Republic"
  },
  {
    "id_country": "203",
    "id_lang": "2",
    "name": "Taiwan (Province of China)"
  },
  {
    "id_country": "204",
    "id_lang": "2",
    "name": "Tajikistan"
  },
  {
    "id_country": "205",
    "id_lang": "2",
    "name": "Tanzania, United Republic of"
  },
  {
    "id_country": "206",
    "id_lang": "2",
    "name": "Thailand"
  },
  {
    "id_country": "207",
    "id_lang": "2",
    "name": "Tokelau"
  },
  {
    "id_country": "208",
    "id_lang": "2",
    "name": "Tonga"
  },
  {
    "id_country": "209",
    "id_lang": "2",
    "name": "Trinidad and Tobago"
  },
  {
    "id_country": "210",
    "id_lang": "2",
    "name": "Tunisia"
  },
  {
    "id_country": "211",
    "id_lang": "2",
    "name": "Turkey"
  },
  {
    "id_country": "212",
    "id_lang": "2",
    "name": "Turkmenistan"
  },
  {
    "id_country": "213",
    "id_lang": "2",
    "name": "Turks and Caicos Islands (the)"
  },
  {
    "id_country": "214",
    "id_lang": "2",
    "name": "Tuvalu"
  },
  {
    "id_country": "215",
    "id_lang": "2",
    "name": "Uganda"
  },
  {
    "id_country": "216",
    "id_lang": "2",
    "name": "Ukraine"
  },
  {
    "id_country": "217",
    "id_lang": "2",
    "name": "United Arab Emirates (the)"
  },
  {
    "id_country": "218",
    "id_lang": "2",
    "name": "Uruguay"
  },
  {
    "id_country": "219",
    "id_lang": "2",
    "name": "Uzbekistan"
  },
  {
    "id_country": "220",
    "id_lang": "2",
    "name": "Vanuatu"
  },
  {
    "id_country": "221",
    "id_lang": "2",
    "name": "Venezuela (Bolivarian Republic of)"
  },
  {
    "id_country": "222",
    "id_lang": "2",
    "name": "Viet Nam"
  },
  {
    "id_country": "223",
    "id_lang": "2",
    "name": "Virgin Islands (British)"
  },
  {
    "id_country": "224",
    "id_lang": "2",
    "name": "Virgin Islands (U.S.)"
  },
  {
    "id_country": "225",
    "id_lang": "2",
    "name": "Wallis and Futuna"
  },
  {
    "id_country": "226",
    "id_lang": "2",
    "name": "Western Sahara"
  },
  {
    "id_country": "227",
    "id_lang": "2",
    "name": "Yemen"
  },
  {
    "id_country": "228",
    "id_lang": "2",
    "name": "Zambia"
  },
  {
    "id_country": "229",
    "id_lang": "2",
    "name": "Zimbabwe"
  },
  {
    "id_country": "230",
    "id_lang": "2",
    "name": "Albania"
  },
  {
    "id_country": "231",
    "id_lang": "2",
    "name": "Afghanistan"
  },
  {
    "id_country": "232",
    "id_lang": "2",
    "name": "Antarctica"
  },
  {
    "id_country": "233",
    "id_lang": "2",
    "name": "Bosnia and Herzegovina"
  },
  {
    "id_country": "234",
    "id_lang": "2",
    "name": "Bouvet Island"
  },
  {
    "id_country": "235",
    "id_lang": "2",
    "name": "British Indian Ocean Territory (the)"
  },
  {
    "id_country": "236",
    "id_lang": "2",
    "name": "Bulgaria"
  },
  {
    "id_country": "237",
    "id_lang": "2",
    "name": "Cayman Islands (the)"
  },
  {
    "id_country": "238",
    "id_lang": "2",
    "name": "Christmas Island"
  },
  {
    "id_country": "239",
    "id_lang": "2",
    "name": "Cocos (Keeling) Islands (the)"
  },
  {
    "id_country": "240",
    "id_lang": "2",
    "name": "Cook Islands (the)"
  },
  {
    "id_country": "241",
    "id_lang": "2",
    "name": "French Guiana"
  },
  {
    "id_country": "242",
    "id_lang": "2",
    "name": "French Polynesia"
  },
  {
    "id_country": "243",
    "id_lang": "2",
    "name": "French Southern Territories (the)"
  },
  {
    "id_country": "244",
    "id_lang": "2",
    "name": "Åland Islands"
  }
]